{"stats":{"minecraft:mined":{"minecraft:short_grass":23,"minecraft:grass_block":3,"minecraft:tall_grass":3,"minecraft:sugar_cane":1,"minecraft:dandelion":3},"minecraft:custom":{"minecraft:time_since_rest":1177,"minecraft:sprint_one_cm":14910,"minecraft:play_time":7798,"minecraft:walk_one_cm":9838,"minecraft:damage_taken":410,"minecraft:deaths":4,"minecraft:mob_kills":2,"minecraft:drop":6,"minecraft:jump":206,"minecraft:damage_dealt":497,"minecraft:leave_game":3,"minecraft:time_since_death":1155,"minecraft:walk_on_water_one_cm":979,"minecraft:total_world_time":7798,"minecraft:fall_one_cm":6386,"minecraft:fly_one_cm":55507},"minecraft:picked_up":{"minecraft:bone":1,"minecraft:arrow":1,"minecraft:wheat_seeds":3,"minecraft:sugar_cane":1,"minecraft:string":2,"minecraft:dirt":3},"minecraft:killed":{"minecraft:skeleton":1,"minecraft:spider":1},"minecraft:dropped":{"minecraft:arrow":1,"minecraft:wheat_seeds":3,"minecraft:string":2,"minecraft:bone":1},"minecraft:used":{"minecraft:dirt":3,"minecraft:sugar_cane":1},"minecraft:killed_by":{"minecraft:skeleton":1}},"DataVersion":3953}