{"stats":{"minecraft:picked_up":{"minecraft:wheat_seeds":2},"minecraft:mined":{"minecraft:short_grass":11,"minecraft:dandelion":3},"minecraft:custom":{"minecraft:jump":92,"minecraft:time_since_rest":1612,"minecraft:play_time":1612,"minecraft:leave_game":2,"minecraft:sprint_one_cm":5133,"minecraft:walk_on_water_one_cm":427,"minecraft:time_since_death":1612,"minecraft:walk_one_cm":760,"minecraft:total_world_time":1612,"minecraft:drop":2,"minecraft:fall_one_cm":3669,"minecraft:fly_one_cm":27705},"minecraft:dropped":{"minecraft:wheat_seeds":2}},"DataVersion":3953}