{"stats":{"minecraft:mined":{"minecraft:short_grass":23,"minecraft:grass_block":3,"minecraft:tall_grass":3,"minecraft:sugar_cane":1,"minecraft:dandelion":3},"minecraft:custom":{"minecraft:time_since_rest":116,"minecraft:damage_taken":510,"minecraft:play_time":8050,"minecraft:sprint_one_cm":14910,"minecraft:deaths":5,"minecraft:walk_one_cm":10537,"minecraft:mob_kills":2,"minecraft:drop":6,"minecraft:jump":207,"minecraft:damage_dealt":497,"minecraft:leave_game":4,"minecraft:walk_on_water_one_cm":979,"minecraft:time_since_death":0,"minecraft:total_world_time":8050,"minecraft:fall_one_cm":6386,"minecraft:fly_one_cm":55780},"minecraft:picked_up":{"minecraft:bone":1,"minecraft:arrow":1,"minecraft:wheat_seeds":3,"minecraft:sugar_cane":1,"minecraft:dirt":3,"minecraft:string":2},"minecraft:killed":{"minecraft:spider":1,"minecraft:skeleton":1},"minecraft:dropped":{"minecraft:arrow":1,"minecraft:wheat_seeds":3,"minecraft:string":2,"minecraft:bone":1},"minecraft:used":{"minecraft:dirt":3,"minecraft:sugar_cane":1},"minecraft:killed_by":{"minecraft:skeleton":1,"minecraft:spider":1}},"DataVersion":3953}