{"stats":{"minecraft:custom":{"minecraft:mob_kills":17,"minecraft:inspect_hopper":1,"minecraft:interact_with_crafting_table":33,"minecraft:bell_ring":60,"minecraft:leave_game":13,"minecraft:time_since_death":117096,"minecraft:sprint_one_cm":404948,"minecraft:walk_one_cm":369477,"minecraft:drop":29,"minecraft:talked_to_villager":34,"minecraft:play_time":192408,"minecraft:deaths":1,"minecraft:sneak_time":13281,"minecraft:walk_under_water_one_cm":2850,"minecraft:boat_one_cm":3533,"minecraft:jump":3465,"minecraft:walk_on_water_one_cm":10043,"minecraft:total_world_time":192813,"minecraft:traded_with_villager":98,"minecraft:interact_with_grindstone":2,"minecraft:sleep_in_bed":13,"minecraft:time_since_rest":11719,"minecraft:damage_taken":1313,"minecraft:damage_dealt":6503,"minecraft:swim_one_cm":4828,"minecraft:fly_one_cm":791763,"minecraft:open_chest":68,"minecraft:crouch_one_cm":46951,"minecraft:fall_one_cm":96102},"minecraft:dropped":{"minecraft:bread":2,"minecraft:iron_ingot":4,"minecraft:wheat_seeds":8,"minecraft:lead":2,"minecraft:stick":7,"minecraft:dirt":244,"minecraft:iron_shovel":1,"minecraft:dandelion":1,"minecraft:stone_axe":1,"minecraft:bowl":1,"minecraft:rotten_flesh":3,"minecraft:grindstone":2,"minecraft:poppy":4,"minecraft:hay_block":17,"minecraft:oak_sapling":2},"minecraft:picked_up":{"minecraft:crafting_table":4,"minecraft:iron_chestplate":2,"minecraft:wheat":55,"minecraft:suspicious_stew":2,"minecraft:yellow_wool":4,"minecraft:lead":5,"minecraft:smithing_table":2,"minecraft:oak_stairs":2,"minecraft:oak_trapdoor":4,"minecraft:string":9,"minecraft:iron_shovel":3,"minecraft:beetroot":2,"minecraft:gold_nugget":1,"minecraft:oak_boat":7,"minecraft:poppy":13,"minecraft:iron_pickaxe":2,"minecraft:lectern":2,"minecraft:sugar_cane":7,"minecraft:chest":5,"minecraft:birch_sapling":17,"minecraft:iron_boots":3,"minecraft:egg":1,"minecraft:stick":56,"minecraft:raw_iron":2,"minecraft:composter":1,"minecraft:oak_fence":21,"minecraft:torch":2,"minecraft:carrot":19,"minecraft:rotten_flesh":5,"minecraft:beetroot_seeds":5,"minecraft:hay_block":111,"minecraft:gold_ingot":3,"minecraft:mutton":7,"minecraft:cobblestone":218,"minecraft:white_wool":8,"minecraft:birch_log":101,"minecraft:tripwire_hook":2,"minecraft:water_bucket":1,"minecraft:leather":2,"minecraft:potato":34,"minecraft:filled_map":1,"minecraft:oak_log":286,"minecraft:yellow_bed":4,"minecraft:lapis_lazuli":12,"minecraft:dirt":1205,"minecraft:paper":13,"minecraft:apple":14,"minecraft:wheat_seeds":53,"minecraft:stone_pickaxe":1,"minecraft:bell":3,"minecraft:grindstone":5,"minecraft:iron_ingot":35,"minecraft:fletching_table":2,"minecraft:bamboo":80,"minecraft:oak_planks":63,"minecraft:iron_sword":1,"minecraft:stone_hoe":1,"minecraft:book":3,"minecraft:oak_slab":17,"minecraft:dandelion":1,"minecraft:sand":7,"minecraft:white_bed":16,"minecraft:stone_axe":2,"minecraft:lever":1,"minecraft:iron_helmet":2,"minecraft:bread":15,"minecraft:emerald":22,"minecraft:oak_button":1,"minecraft:oak_sapling":59,"minecraft:coal":11},"minecraft:used":{"minecraft:oak_trapdoor":4,"minecraft:iron_shovel":1051,"minecraft:stone_shovel":142,"minecraft:poppy":2,"minecraft:oak_sign":9,"minecraft:chest":16,"minecraft:iron_sword":32,"minecraft:bell":3,"minecraft:stone_hoe":119,"minecraft:torch":2,"minecraft:dirt":432,"minecraft:mutton":7,"minecraft:hopper":4,"minecraft:crafter":4,"minecraft:carrot":18,"minecraft:glass":4,"minecraft:lava_bucket":1,"minecraft:grass_block":3,"minecraft:iron_axe":257,"minecraft:oak_stairs":2,"minecraft:birch_sapling":13,"minecraft:iron_boots":1,"minecraft:stone_bricks":32,"minecraft:bamboo":68,"minecraft:tripwire_hook":4,"minecraft:oak_sapling":57,"minecraft:egg":1,"minecraft:potato":10,"minecraft:observer":2,"minecraft:water_bucket":16,"minecraft:stone_pickaxe":34,"minecraft:oak_planks":9,"minecraft:wooden_pickaxe":9,"minecraft:composter":3,"minecraft:fletching_table":2,"minecraft:oak_slab":10,"minecraft:crafting_table":6,"minecraft:white_bed":18,"minecraft:note_block":2,"minecraft:shears":14,"minecraft:oak_log":10,"minecraft:lever":1,"minecraft:apple":12,"minecraft:bread":28,"minecraft:oak_button":24,"minecraft:string":34,"minecraft:suspicious_stew":1,"minecraft:iron_pickaxe":210,"minecraft:spruce_trapdoor":2,"minecraft:stone_axe":288,"minecraft:cobblestone":50,"minecraft:grindstone":2,"minecraft:smithing_table":2,"minecraft:bucket":16,"minecraft:yellow_bed":4,"minecraft:oak_boat":8},"minecraft:killed":{"minecraft:iron_golem":5,"minecraft:wandering_trader":1,"minecraft:sheep":5,"minecraft:trader_llama":1,"minecraft:zombie":3,"minecraft:villager":2},"minecraft:mined":{"minecraft:white_bed":16,"minecraft:grass_block":255,"minecraft:composter":1,"minecraft:hay_block":94,"minecraft:oak_trapdoor":4,"minecraft:carrots":4,"minecraft:iron_ore":2,"minecraft:fletching_table":2,"minecraft:bell":3,"minecraft:potatoes":3,"minecraft:dirt_path":224,"minecraft:oak_stairs":2,"minecraft:bamboo":14,"minecraft:stone":214,"minecraft:white_wool":2,"minecraft:tripwire":17,"minecraft:smithing_table":2,"minecraft:oak_slab":17,"minecraft:dandelion":1,"minecraft:oak_fence":25,"minecraft:crafting_table":4,"minecraft:short_grass":110,"minecraft:chest":5,"minecraft:lectern":2,"minecraft:cobblestone":4,"minecraft:tall_grass":36,"minecraft:sugar_cane":2,"minecraft:grindstone":3,"minecraft:oak_planks":15,"minecraft:wall_torch":2,"minecraft:yellow_wool":4,"minecraft:birch_log":82,"minecraft:wheat":15,"minecraft:birch_leaves":3,"minecraft:yellow_bed":4,"minecraft:coal_ore":8,"minecraft:oak_log":265,"minecraft:beetroots":2,"minecraft:sand":8,"minecraft:dirt":569,"minecraft:tripwire_hook":1,"minecraft:oak_leaves":72},"minecraft:broken":{"minecraft:iron_shovel":4,"minecraft:stone_axe":2,"minecraft:stone_shovel":1},"minecraft:crafted":{"minecraft:oak_planks":1012,"minecraft:stone_shovel":1,"minecraft:oak_sign":9,"minecraft:oak_trapdoor":4,"minecraft:iron_axe":2,"minecraft:stone_pickaxe":1,"minecraft:chest":1,"minecraft:oak_button":37,"minecraft:stone_hoe":1,"minecraft:wheat":838,"minecraft:oak_slab":18,"minecraft:emerald":78,"minecraft:crafting_table":1,"minecraft:wooden_pickaxe":1,"minecraft:bucket":1,"minecraft:birch_planks":328,"minecraft:stone_axe":23,"minecraft:bread":294,"minecraft:air":0,"minecraft:oak_boat":1,"minecraft:stick":2445,"minecraft:iron_shovel":5,"minecraft:white_bed":2,"minecraft:composter":2,"minecraft:shears":1}},"DataVersion":3955}