{"stats":{"minecraft:custom":{"minecraft:mob_kills":3,"minecraft:traded_with_villager":9,"minecraft:interact_with_crafting_table":12,"minecraft:bell_ring":24,"minecraft:leave_game":3,"minecraft:time_since_death":24658,"minecraft:sleep_in_bed":4,"minecraft:time_since_rest":6099,"minecraft:sprint_one_cm":203013,"minecraft:damage_taken":713,"minecraft:walk_one_cm":219592,"minecraft:drop":119,"minecraft:damage_dealt":480,"minecraft:swim_one_cm":294,"minecraft:talked_to_villager":45,"minecraft:fly_one_cm":376901,"minecraft:open_chest":8,"minecraft:crouch_one_cm":16024,"minecraft:play_time":63205,"minecraft:deaths":1,"minecraft:sneak_time":4556,"minecraft:walk_under_water_one_cm":6052,"minecraft:boat_one_cm":918,"minecraft:jump":1683,"minecraft:walk_on_water_one_cm":1616,"minecraft:total_world_time":63205,"minecraft:fall_one_cm":50019},"minecraft:crafted":{"minecraft:oak_planks":56,"minecraft:emerald":6,"minecraft:crafting_table":3,"minecraft:wooden_pickaxe":2,"minecraft:cobblestone_stairs":56,"minecraft:air":0,"minecraft:oak_boat":4,"minecraft:bow":3,"minecraft:stick":209,"minecraft:stone_pickaxe":3},"minecraft:mined":{"minecraft:oak_slab":1,"minecraft:white_bed":2,"minecraft:cobblestone_stairs":2,"minecraft:dandelion":2,"minecraft:short_grass":235,"minecraft:grass_block":1,"minecraft:tall_grass":26,"minecraft:cobblestone":8,"minecraft:lapis_ore":2,"minecraft:oak_planks":8,"minecraft:oxeye_daisy":1,"minecraft:carrots":8,"minecraft:iron_ore":9,"minecraft:andesite":19,"minecraft:bell":2,"minecraft:potatoes":10,"minecraft:oak_log":14,"minecraft:dirt":13,"minecraft:bamboo":37,"minecraft:oak_button":1,"minecraft:stone":134,"minecraft:oak_leaves":7},"minecraft:picked_up":{"minecraft:feather":2,"minecraft:chicken":1,"minecraft:andesite":21,"minecraft:lead":9,"minecraft:potato":39,"minecraft:oak_log":14,"minecraft:cobblestone_stairs":58,"minecraft:lapis_lazuli":13,"minecraft:dirt":15,"minecraft:string":1,"minecraft:iron_shovel":1,"minecraft:apple":2,"minecraft:wheat_seeds":51,"minecraft:bucket":1,"minecraft:bell":2,"minecraft:stone_pickaxe":2,"minecraft:oak_boat":13,"minecraft:bamboo":392,"minecraft:oak_planks":8,"minecraft:stick":1,"minecraft:raw_iron":18,"minecraft:dandelion":2,"minecraft:carrot":24,"minecraft:white_bed":2,"minecraft:spider_eye":1,"minecraft:rotten_flesh":4,"minecraft:gray_wool":1,"minecraft:bread":23,"minecraft:oak_button":3,"minecraft:oak_sapling":1,"minecraft:cobblestone":241},"minecraft:used":{"minecraft:water_bucket":1,"minecraft:cobblestone_stairs":2,"minecraft:stone_pickaxe":186,"minecraft:oak_planks":20,"minecraft:wooden_pickaxe":29,"minecraft:iron_sword":1,"minecraft:bell":2,"minecraft:dirt":9,"minecraft:crafting_table":3,"minecraft:carrot":16,"minecraft:white_bed":2,"minecraft:bread":14,"minecraft:oak_button":2,"minecraft:stone_axe":53,"minecraft:cobblestone":56,"minecraft:oak_sapling":1,"minecraft:bucket":2,"minecraft:andesite":13,"minecraft:oak_boat":14,"minecraft:potato":11},"minecraft:dropped":{"minecraft:water_bucket":1,"minecraft:bread":67,"minecraft:iron_sword":1,"minecraft:wheat_seeds":28,"minecraft:lead":1,"minecraft:carrot":3,"minecraft:stick":1,"minecraft:potato":14,"minecraft:oak_boat":2,"minecraft:iron_shovel":1},"minecraft:killed_by":{"minecraft:zombie":1},"minecraft:killed":{"minecraft:spider":1,"minecraft:zombie":1,"minecraft:chicken":1}},"DataVersion":3953}