{"stats":{"minecraft:crafted":{"minecraft:smooth_stone":3,"minecraft:oak_planks":252,"minecraft:stone_shovel":12,"minecraft:furnace":1,"minecraft:blast_furnace":1,"minecraft:stone":3,"minecraft:oak_trapdoor":8,"minecraft:hopper":1,"minecraft:iron_axe":11,"minecraft:chest":2,"minecraft:emerald":112,"minecraft:diamond_axe":1,"minecraft:crafting_table":1,"minecraft:stone_axe":18,"minecraft:enchanted_book":1,"minecraft:air":0,"minecraft:oak_boat":2,"minecraft:stick":762,"minecraft:iron_block":3,"minecraft:iron_shovel":1,"minecraft:iron_leggings":4,"minecraft:anvil":1},"minecraft:picked_up":{"minecraft:crafting_table":2,"minecraft:iron_chestplate":2,"minecraft:lead":22,"minecraft:wooden_pickaxe":3,"minecraft:brewing_stand":1,"minecraft:oak_trapdoor":14,"minecraft:string":15,"minecraft:iron_axe":8,"minecraft:iron_shovel":9,"minecraft:oak_sign":1,"minecraft:oak_boat":31,"minecraft:poppy":4,"minecraft:iron_pickaxe":10,"minecraft:lectern":28,"minecraft:chest":2,"minecraft:egg":3,"minecraft:iron_boots":2,"minecraft:furnace":1,"minecraft:stick":171,"minecraft:composter":10,"minecraft:torch":1,"minecraft:carrot":134,"minecraft:cauldron":4,"minecraft:rotten_flesh":14,"minecraft:arrow":8,"minecraft:mutton":3,"minecraft:cobblestone":247,"minecraft:water_bucket":9,"minecraft:andesite":2,"minecraft:potato":52,"minecraft:oak_log":69,"minecraft:yellow_bed":16,"minecraft:lapis_lazuli":26,"minecraft:dirt":176,"minecraft:bone":2,"minecraft:wheat_seeds":56,"minecraft:bell":6,"minecraft:stone_pickaxe":5,"minecraft:grindstone":4,"minecraft:iron_ingot":108,"minecraft:bamboo":610,"minecraft:iron_sword":7,"minecraft:oak_planks":125,"minecraft:book":2,"minecraft:oak_slab":31,"minecraft:dandelion":8,"minecraft:gravel":16,"minecraft:sand":14,"minecraft:blast_furnace":1,"minecraft:white_bed":30,"minecraft:spider_eye":1,"minecraft:stone_axe":4,"minecraft:iron_helmet":2,"minecraft:diamond_axe":1,"minecraft:gray_wool":2,"minecraft:emerald":337,"minecraft:bread":152,"minecraft:oak_button":110,"minecraft:oak_sapling":22},"minecraft:killed":{"minecraft:spider":2,"minecraft:skeleton":1,"minecraft:chicken":1,"minecraft:zombie_villager":1,"minecraft:iron_golem":2,"minecraft:creeper":1,"minecraft:sheep":1,"minecraft:zombie":6,"minecraft:villager":3},"minecraft:dropped":{"minecraft:bread":166,"minecraft:oak_slab":1,"minecraft:wheat_seeds":30,"minecraft:lapis_lazuli":13,"minecraft:lead":4,"minecraft:gray_wool":1,"minecraft:iron_leggings":2,"minecraft:iron_shovel":1,"minecraft:bucket":1,"minecraft:dandelion":2,"minecraft:bone":1,"minecraft:bowl":1,"minecraft:rotten_flesh":4,"minecraft:carrot":5,"minecraft:poppy":28,"minecraft:andesite":2,"minecraft:yellow_bed":1,"minecraft:oak_boat":2,"minecraft:stone_pickaxe":1,"minecraft:egg":1},"minecraft:custom":{"minecraft:interact_with_smithing_table":2,"minecraft:mob_kills":19,"minecraft:interact_with_anvil":1,"minecraft:inspect_hopper":1,"minecraft:interact_with_crafting_table":12,"minecraft:bell_ring":106,"minecraft:leave_game":6,"minecraft:time_since_death":39934,"minecraft:sprint_one_cm":381314,"minecraft:walk_one_cm":575260,"minecraft:drop":52,"minecraft:talked_to_villager":172,"minecraft:play_time":229118,"minecraft:deaths":7,"minecraft:sneak_time":9751,"minecraft:walk_under_water_one_cm":249,"minecraft:boat_one_cm":12159,"minecraft:jump":4759,"minecraft:walk_on_water_one_cm":7195,"minecraft:total_world_time":229118,"minecraft:interact_with_furnace":3,"minecraft:traded_with_villager":159,"minecraft:sleep_in_bed":15,"minecraft:time_since_rest":2410,"minecraft:damage_taken":3612,"minecraft:damage_dealt":4103,"minecraft:fly_one_cm":1051114,"minecraft:open_chest":73,"minecraft:crouch_one_cm":33874,"minecraft:fall_one_cm":152788},"minecraft:broken":{"minecraft:iron_shovel":1,"minecraft:iron_axe":2,"minecraft:iron_pickaxe":1},"minecraft:killed_by":{"minecraft:iron_golem":4,"minecraft:skeleton":1,"minecraft:zombie":2},"minecraft:mined":{"minecraft:white_bed":30,"minecraft:brewing_stand":1,"minecraft:grass_block":19,"minecraft:composter":10,"minecraft:oak_trapdoor":1,"minecraft:furnace":1,"minecraft:carrots":19,"minecraft:andesite":7,"minecraft:bell":4,"minecraft:potatoes":7,"minecraft:water_cauldron":4,"minecraft:dirt_path":8,"minecraft:bamboo":76,"minecraft:stone":14,"minecraft:oak_slab":4,"minecraft:crafting_table":1,"minecraft:short_grass":164,"minecraft:blast_furnace":1,"minecraft:chest":1,"minecraft:lectern":28,"minecraft:tall_grass":22,"minecraft:cobblestone":25,"minecraft:grindstone":4,"minecraft:oak_planks":21,"minecraft:yellow_bed":12,"minecraft:oak_log":68,"minecraft:gravel":6,"minecraft:dirt":97,"minecraft:oak_leaves":28},"minecraft:used":{"minecraft:oak_trapdoor":4,"minecraft:iron_shovel":470,"minecraft:oak_sign":1,"minecraft:chest":1,"minecraft:iron_sword":20,"minecraft:bell":3,"minecraft:torch":1,"minecraft:dirt":258,"minecraft:mutton":1,"minecraft:anvil":1,"minecraft:hopper":1,"minecraft:carrot":29,"minecraft:lava_bucket":1,"minecraft:iron_axe":222,"minecraft:furnace":1,"minecraft:egg":1,"minecraft:potato":50,"minecraft:water_bucket":13,"minecraft:oak_planks":9,"minecraft:composter":6,"minecraft:diamond_axe":91,"minecraft:oak_slab":10,"minecraft:crafting_table":1,"minecraft:blast_furnace":2,"minecraft:white_bed":30,"minecraft:apple":2,"minecraft:bread":33,"minecraft:iron_pickaxe":75,"minecraft:oak_button":16,"minecraft:suspicious_stew":1,"minecraft:lectern":30,"minecraft:gravel":1,"minecraft:stone_axe":4,"minecraft:cobblestone":7,"minecraft:grindstone":3,"minecraft:andesite":3,"minecraft:bucket":13,"minecraft:yellow_bed":12,"minecraft:oak_boat":26}},"DataVersion":3953}