{"minecraft:recipes/decorations/crafting_table":{"criteria":{"unlock_right_away":"2024-09-25 16:37:54 -0400"},"done":true},"minecraft:adventure/adventuring_time":{"criteria":{"minecraft:beach":"2024-09-25 17:59:48 -0400","minecraft:forest":"2024-09-25 17:58:41 -0400","minecraft:river":"2024-09-25 18:05:35 -0400","minecraft:plains":"2024-09-25 16:37:56 -0400"},"done":false},"minecraft:recipes/tools/golden_axe":{"criteria":{"has_gold_ingot":"2024-09-25 17:00:52 -0400"},"done":true},"minecraft:recipes/tools/golden_pickaxe":{"criteria":{"has_gold_ingot":"2024-09-25 17:00:52 -0400"},"done":true},"minecraft:recipes/misc/gold_nugget":{"criteria":{"has_gold_ingot":"2024-09-25 17:00:52 -0400"},"done":true},"minecraft:recipes/tools/golden_shovel":{"criteria":{"has_gold_ingot":"2024-09-25 17:00:52 -0400"},"done":true},"minecraft:recipes/food/golden_apple":{"criteria":{"has_gold_ingot":"2024-09-25 17:00:52 -0400"},"done":true},"minecraft:recipes/combat/golden_boots":{"criteria":{"has_gold_ingot":"2024-09-25 17:00:52 -0400"},"done":true},"minecraft:recipes/combat/golden_helmet":{"criteria":{"has_gold_ingot":"2024-09-25 17:00:52 -0400"},"done":true},"minecraft:recipes/combat/golden_sword":{"criteria":{"has_gold_ingot":"2024-09-25 17:00:52 -0400"},"done":true},"minecraft:recipes/building_blocks/gold_block":{"criteria":{"has_gold_ingot":"2024-09-25 17:00:52 -0400"},"done":true},"minecraft:recipes/combat/golden_chestplate":{"criteria":{"has_gold_ingot":"2024-09-25 17:00:52 -0400"},"done":true},"minecraft:recipes/tools/golden_hoe":{"criteria":{"has_gold_ingot":"2024-09-25 17:00:52 -0400"},"done":true},"minecraft:recipes/redstone/light_weighted_pressure_plate":{"criteria":{"has_gold_ingot":"2024-09-25 17:00:52 -0400"},"done":true},"minecraft:recipes/combat/golden_leggings":{"criteria":{"has_gold_ingot":"2024-09-25 17:00:52 -0400"},"done":true},"minecraft:story/obtain_armor":{"criteria":{"iron_boots":"2024-09-25 17:00:54 -0400"},"done":true},"minecraft:recipes/misc/iron_nugget_from_smelting":{"criteria":{"has_iron_boots":"2024-09-25 17:00:54 -0400"},"done":true},"minecraft:recipes/misc/iron_nugget_from_blasting":{"criteria":{"has_iron_boots":"2024-09-25 17:00:54 -0400"},"done":true},"minecraft:adventure/sleep_in_bed":{"criteria":{"slept_in_bed":"2024-09-25 17:08:53 -0400"},"done":true},"minecraft:recipes/misc/charcoal":{"criteria":{"has_log":"2024-09-25 17:14:39 -0400"},"done":true},"minecraft:recipes/building_blocks/oak_planks":{"criteria":{"has_logs":"2024-09-25 17:14:39 -0400"},"done":true},"minecraft:recipes/building_blocks/oak_wood":{"criteria":{"has_log":"2024-09-25 17:14:39 -0400"},"done":true},"minecraft:recipes/building_blocks/oak_slab":{"criteria":{"has_planks":"2024-09-25 17:15:09 -0400"},"done":true},"minecraft:recipes/decorations/oak_sign":{"criteria":{"has_planks":"2024-09-25 17:15:09 -0400"},"done":true},"minecraft:recipes/redstone/oak_trapdoor":{"criteria":{"has_planks":"2024-09-25 17:15:09 -0400"},"done":true},"minecraft:recipes/redstone/oak_fence_gate":{"criteria":{"has_planks":"2024-09-25 17:15:09 -0400"},"done":true},"minecraft:recipes/redstone/oak_pressure_plate":{"criteria":{"has_planks":"2024-09-25 17:15:09 -0400"},"done":true},"minecraft:recipes/redstone/oak_door":{"criteria":{"has_planks":"2024-09-25 17:15:09 -0400"},"done":true},"minecraft:recipes/misc/stick":{"criteria":{"has_planks":"2024-09-25 17:15:09 -0400"},"done":true},"minecraft:recipes/building_blocks/oak_stairs":{"criteria":{"has_planks":"2024-09-25 17:15:09 -0400"},"done":true},"minecraft:recipes/decorations/oak_fence":{"criteria":{"has_planks":"2024-09-25 17:15:09 -0400"},"done":true},"minecraft:recipes/decorations/barrel":{"criteria":{"has_planks":"2024-09-25 17:15:09 -0400"},"done":true},"minecraft:recipes/redstone/oak_button":{"criteria":{"has_planks":"2024-09-25 17:15:09 -0400"},"done":true},"minecraft:recipes/decorations/ladder":{"criteria":{"has_stick":"2024-09-25 17:15:12 -0400"},"done":true},"minecraft:recipes/decorations/campfire":{"criteria":{"has_stick":"2024-09-25 17:15:12 -0400"},"done":true},"minecraft:recipes/tools/wooden_hoe":{"criteria":{"has_stick":"2024-09-25 17:15:12 -0400"},"done":true},"minecraft:recipes/tools/wooden_pickaxe":{"criteria":{"has_stick":"2024-09-25 17:15:12 -0400"},"done":true},"minecraft:recipes/tools/wooden_axe":{"criteria":{"has_stick":"2024-09-25 17:15:12 -0400"},"done":true},"minecraft:recipes/tools/wooden_shovel":{"criteria":{"has_stick":"2024-09-25 17:15:12 -0400"},"done":true},"minecraft:recipes/combat/wooden_sword":{"criteria":{"has_stick":"2024-09-25 17:15:12 -0400"},"done":true},"minecraft:story/root":{"criteria":{"crafting_table":"2024-09-25 17:15:12 -0400"},"done":true},"minecraft:recipes/redstone/lever":{"criteria":{"has_cobblestone":"2024-09-25 17:15:42 -0400"},"done":true},"minecraft:recipes/combat/stone_sword":{"criteria":{"has_cobblestone":"2024-09-25 17:15:42 -0400"},"done":true},"minecraft:recipes/decorations/cobblestone_wall":{"criteria":{"has_cobblestone":"2024-09-25 17:15:42 -0400"},"done":true},"minecraft:recipes/tools/stone_pickaxe":{"criteria":{"has_cobblestone":"2024-09-25 17:15:42 -0400"},"done":true},"minecraft:recipes/tools/stone_axe":{"criteria":{"has_cobblestone":"2024-09-25 17:15:42 -0400"},"done":true},"minecraft:story/mine_stone":{"criteria":{"get_stone":"2024-09-25 17:15:42 -0400"},"done":true},"minecraft:recipes/decorations/furnace":{"criteria":{"has_cobblestone":"2024-09-25 17:15:42 -0400"},"done":true},"minecraft:recipes/building_blocks/cobblestone_slab":{"criteria":{"has_cobblestone":"2024-09-25 17:15:42 -0400"},"done":true},"minecraft:recipes/building_blocks/cobblestone_slab_from_cobblestone_stonecutting":{"criteria":{"has_cobblestone":"2024-09-25 17:15:42 -0400"},"done":true},"minecraft:recipes/building_blocks/stone":{"criteria":{"has_cobblestone":"2024-09-25 17:15:42 -0400"},"done":true},"minecraft:recipes/decorations/cobblestone_wall_from_cobblestone_stonecutting":{"criteria":{"has_cobblestone":"2024-09-25 17:15:42 -0400"},"done":true},"minecraft:recipes/building_blocks/cobblestone_stairs_from_cobblestone_stonecutting":{"criteria":{"has_cobblestone":"2024-09-25 17:15:42 -0400"},"done":true},"minecraft:recipes/building_blocks/cobblestone_stairs":{"criteria":{"has_cobblestone":"2024-09-25 17:15:42 -0400"},"done":true},"minecraft:recipes/tools/stone_hoe":{"criteria":{"has_cobblestone":"2024-09-25 17:15:42 -0400"},"done":true},"minecraft:recipes/tools/stone_shovel":{"criteria":{"has_cobblestone":"2024-09-25 17:15:42 -0400"},"done":true},"minecraft:recipes/decorations/torch":{"criteria":{"has_stone_pickaxe":"2024-09-25 17:16:06 -0400"},"done":true},"minecraft:story/upgrade_tools":{"criteria":{"stone_pickaxe":"2024-09-25 17:16:06 -0400"},"done":true},"minecraft:adventure/root":{"criteria":{"killed_something":"2024-09-25 17:16:40 -0400"},"done":true},"minecraft:recipes/combat/iron_sword":{"criteria":{"has_iron_ingot":"2024-09-25 17:16:43 -0400"},"done":true},"minecraft:recipes/tools/iron_pickaxe":{"criteria":{"has_iron_ingot":"2024-09-25 17:16:43 -0400"},"done":true},"minecraft:recipes/combat/iron_leggings":{"criteria":{"has_iron_ingot":"2024-09-25 17:16:43 -0400"},"done":true},"minecraft:recipes/combat/shield":{"criteria":{"has_iron_ingot":"2024-09-25 17:16:43 -0400"},"done":true},"minecraft:recipes/redstone/hopper":{"criteria":{"has_iron_ingot":"2024-09-25 17:16:43 -0400"},"done":true},"minecraft:recipes/decorations/iron_bars":{"criteria":{"has_iron_ingot":"2024-09-25 17:16:43 -0400"},"done":true},"minecraft:recipes/combat/iron_boots":{"criteria":{"has_iron_ingot":"2024-09-25 17:16:43 -0400"},"done":true},"minecraft:recipes/combat/iron_chestplate":{"criteria":{"has_iron_ingot":"2024-09-25 17:16:43 -0400"},"done":true},"minecraft:recipes/decorations/lantern":{"criteria":{"has_iron_ingot":"2024-09-25 17:16:43 -0400"},"done":true},"minecraft:recipes/misc/iron_nugget":{"criteria":{"has_iron_ingot":"2024-09-25 17:16:43 -0400"},"done":true},"minecraft:recipes/misc/bucket":{"criteria":{"has_iron_ingot":"2024-09-25 17:16:43 -0400"},"done":true},"minecraft:recipes/combat/iron_helmet":{"criteria":{"has_iron_ingot":"2024-09-25 17:16:43 -0400"},"done":true},"minecraft:recipes/transportation/minecart":{"criteria":{"has_iron_ingot":"2024-09-25 17:16:43 -0400"},"done":true},"minecraft:recipes/tools/iron_hoe":{"criteria":{"has_iron_ingot":"2024-09-25 17:16:43 -0400"},"done":true},"minecraft:recipes/tools/iron_shovel":{"criteria":{"has_iron_ingot":"2024-09-25 17:16:43 -0400"},"done":true},"minecraft:story/smelt_iron":{"criteria":{"iron":"2024-09-25 17:16:43 -0400"},"done":true},"minecraft:recipes/decorations/chest":{"criteria":{"has_lots_of_items":"2024-09-25 17:16:43 -0400"},"done":true},"minecraft:recipes/tools/shears":{"criteria":{"has_iron_ingot":"2024-09-25 17:16:43 -0400"},"done":true},"minecraft:recipes/redstone/iron_trapdoor":{"criteria":{"has_iron_ingot":"2024-09-25 17:16:43 -0400"},"done":true},"minecraft:recipes/decorations/chain":{"criteria":{"has_iron_ingot":"2024-09-25 17:16:43 -0400"},"done":true},"minecraft:recipes/building_blocks/iron_block":{"criteria":{"has_iron_ingot":"2024-09-25 17:16:43 -0400"},"done":true},"minecraft:recipes/tools/iron_axe":{"criteria":{"has_iron_ingot":"2024-09-25 17:16:43 -0400"},"done":true},"minecraft:recipes/combat/crossbow":{"criteria":{"has_iron_ingot":"2024-09-25 17:16:43 -0400"},"done":true},"minecraft:recipes/decorations/smithing_table":{"criteria":{"has_iron_ingot":"2024-09-25 17:16:43 -0400"},"done":true},"minecraft:recipes/redstone/iron_door":{"criteria":{"has_iron_ingot":"2024-09-25 17:16:43 -0400"},"done":true},"minecraft:recipes/redstone/heavy_weighted_pressure_plate":{"criteria":{"has_iron_ingot":"2024-09-25 17:16:43 -0400"},"done":true},"minecraft:recipes/misc/red_dye_from_poppy":{"criteria":{"has_poppy":"2024-09-25 17:16:44 -0400"},"done":true},"minecraft:recipes/building_blocks/coal_block":{"criteria":{"has_coal":"2024-09-25 17:16:56 -0400"},"done":true},"minecraft:recipes/food/baked_potato_from_campfire_cooking":{"criteria":{"has_potato":"2024-09-25 17:18:14 -0400"},"done":true},"minecraft:recipes/food/baked_potato_from_smoking":{"criteria":{"has_potato":"2024-09-25 17:18:14 -0400"},"done":true},"minecraft:recipes/food/baked_potato":{"criteria":{"has_potato":"2024-09-25 17:18:14 -0400"},"done":true},"minecraft:recipes/misc/gold_ingot_from_nuggets":{"criteria":{"has_gold_nugget":"2024-09-25 17:18:14 -0400"},"done":true},"minecraft:recipes/brewing/golden_carrot":{"criteria":{"has_gold_nugget":"2024-09-25 17:18:14 -0400"},"done":true},"minecraft:recipes/misc/yellow_dye_from_dandelion":{"criteria":{"has_dandelion":"2024-09-25 17:18:14 -0400"},"done":true},"minecraft:husbandry/balanced_diet":{"criteria":{"mutton":"2024-09-25 17:43:33 -0400","apple":"2024-09-25 17:19:34 -0400","bread":"2024-09-25 17:18:21 -0400","suspicious_stew":"2024-09-25 18:09:05 -0400"},"done":false},"minecraft:husbandry/root":{"criteria":{"consumed_item":"2024-09-25 17:18:21 -0400"},"done":true},"minecraft:recipes/decorations/composter":{"criteria":{"has_wood_slab":"2024-09-25 17:24:29 -0400"},"done":true},"minecraft:recipes/decorations/painting":{"criteria":{"has_wool":"2024-09-25 17:24:39 -0400"},"done":true},"minecraft:recipes/decorations/yellow_banner":{"criteria":{"has_yellow_wool":"2024-09-25 17:24:39 -0400"},"done":true},"minecraft:recipes/decorations/yellow_bed":{"criteria":{"has_yellow_wool":"2024-09-25 17:24:39 -0400"},"done":true},"minecraft:recipes/decorations/yellow_carpet":{"criteria":{"has_yellow_wool":"2024-09-25 17:24:39 -0400"},"done":true},"minecraft:recipes/decorations/white_banner":{"criteria":{"has_white_wool":"2024-09-25 17:24:41 -0400"},"done":true},"minecraft:recipes/decorations/white_bed":{"criteria":{"has_white_wool":"2024-09-25 17:24:41 -0400"},"done":true},"minecraft:recipes/decorations/white_carpet":{"criteria":{"has_white_wool":"2024-09-25 17:24:41 -0400"},"done":true},"minecraft:recipes/transportation/mangrove_boat":{"criteria":{"in_water":"2024-09-25 17:32:38 -0400"},"done":true},"minecraft:recipes/transportation/acacia_boat":{"criteria":{"in_water":"2024-09-25 17:32:38 -0400"},"done":true},"minecraft:recipes/transportation/cherry_boat":{"criteria":{"in_water":"2024-09-25 17:32:38 -0400"},"done":true},"minecraft:recipes/transportation/bamboo_raft":{"criteria":{"in_water":"2024-09-25 17:32:38 -0400"},"done":true},"minecraft:recipes/transportation/spruce_boat":{"criteria":{"in_water":"2024-09-25 17:32:38 -0400"},"done":true},"minecraft:recipes/transportation/birch_boat":{"criteria":{"in_water":"2024-09-25 17:32:38 -0400"},"done":true},"minecraft:recipes/transportation/oak_boat":{"criteria":{"in_water":"2024-09-25 17:32:38 -0400"},"done":true},"minecraft:recipes/transportation/jungle_boat":{"criteria":{"in_water":"2024-09-25 17:32:38 -0400"},"done":true},"minecraft:recipes/transportation/dark_oak_boat":{"criteria":{"in_water":"2024-09-25 17:32:38 -0400"},"done":true},"minecraft:recipes/brewing/cauldron":{"criteria":{"has_water_bucket":"2024-09-25 17:35:32 -0400"},"done":true},"minecraft:recipes/combat/leather_helmet":{"criteria":{"has_leather":"2024-09-25 17:40:23 -0400"},"done":true},"minecraft:recipes/combat/leather_leggings":{"criteria":{"has_leather":"2024-09-25 17:40:23 -0400"},"done":true},"minecraft:recipes/decorations/item_frame":{"criteria":{"has_leather":"2024-09-25 17:40:23 -0400"},"done":true},"minecraft:recipes/combat/leather_chestplate":{"criteria":{"has_leather":"2024-09-25 17:40:23 -0400"},"done":true},"minecraft:recipes/combat/leather_boots":{"criteria":{"has_leather":"2024-09-25 17:40:23 -0400"},"done":true},"minecraft:recipes/misc/leather_horse_armor":{"criteria":{"has_leather":"2024-09-25 17:40:23 -0400"},"done":true},"minecraft:recipes/food/cooked_mutton_from_smoking":{"criteria":{"has_mutton":"2024-09-25 17:43:30 -0400"},"done":true},"minecraft:recipes/food/cooked_mutton":{"criteria":{"has_mutton":"2024-09-25 17:43:30 -0400"},"done":true},"minecraft:recipes/food/cooked_mutton_from_campfire_cooking":{"criteria":{"has_mutton":"2024-09-25 17:43:30 -0400"},"done":true},"minecraft:recipes/transportation/dark_oak_chest_boat":{"criteria":{"has_boat":"2024-09-25 17:51:16 -0400"},"done":true},"minecraft:recipes/transportation/bamboo_chest_raft":{"criteria":{"has_boat":"2024-09-25 17:51:16 -0400"},"done":true},"minecraft:recipes/transportation/spruce_chest_boat":{"criteria":{"has_boat":"2024-09-25 17:51:16 -0400"},"done":true},"minecraft:recipes/transportation/jungle_chest_boat":{"criteria":{"has_boat":"2024-09-25 17:51:16 -0400"},"done":true},"minecraft:recipes/transportation/acacia_chest_boat":{"criteria":{"has_boat":"2024-09-25 17:51:16 -0400"},"done":true},"minecraft:recipes/transportation/mangrove_chest_boat":{"criteria":{"has_boat":"2024-09-25 17:51:16 -0400"},"done":true},"minecraft:recipes/transportation/oak_chest_boat":{"criteria":{"has_boat":"2024-09-25 17:51:16 -0400"},"done":true},"minecraft:recipes/transportation/cherry_chest_boat":{"criteria":{"has_boat":"2024-09-25 17:51:16 -0400"},"done":true},"minecraft:recipes/transportation/birch_chest_boat":{"criteria":{"has_boat":"2024-09-25 17:51:16 -0400"},"done":true},"minecraft:recipes/building_blocks/birch_planks":{"criteria":{"has_logs":"2024-09-25 17:59:20 -0400"},"done":true},"minecraft:recipes/building_blocks/birch_wood":{"criteria":{"has_log":"2024-09-25 17:59:20 -0400"},"done":true},"minecraft:recipes/building_blocks/emerald_block":{"criteria":{"has_emerald":"2024-09-25 18:00:15 -0400"},"done":true},"minecraft:recipes/misc/blue_dye":{"criteria":{"has_lapis_lazuli":"2024-09-25 18:00:16 -0400"},"done":true},"minecraft:recipes/building_blocks/lapis_block":{"criteria":{"has_lapis_lazuli":"2024-09-25 18:00:16 -0400"},"done":true},"minecraft:recipes/transportation/carrot_on_a_stick":{"criteria":{"has_carrot":"2024-09-25 18:00:28 -0400"},"done":true},"minecraft:recipes/food/bread":{"criteria":{"has_wheat":"2024-09-25 18:00:28 -0400"},"done":true},"minecraft:recipes/building_blocks/hay_block":{"criteria":{"has_wheat":"2024-09-25 18:00:28 -0400"},"done":true},"minecraft:recipes/misc/book":{"criteria":{"has_paper":"2024-09-25 18:00:30 -0400"},"done":true},"minecraft:recipes/decorations/cartography_table":{"criteria":{"has_paper":"2024-09-25 18:00:30 -0400"},"done":true},"minecraft:recipes/misc/stick_from_bamboo_item":{"criteria":{"has_bamboo":"2024-09-25 18:00:32 -0400"},"done":true},"minecraft:recipes/building_blocks/bamboo_block":{"criteria":{"has_bamboo":"2024-09-25 18:00:32 -0400"},"done":true},"minecraft:recipes/decorations/scaffolding":{"criteria":{"has_bamboo":"2024-09-25 18:00:32 -0400"},"done":true},"minecraft:recipes/building_blocks/bookshelf":{"criteria":{"has_book":"2024-09-25 18:00:44 -0400"},"done":true},"minecraft:recipes/redstone/lectern":{"criteria":{"has_book":"2024-09-25 18:00:44 -0400"},"done":true},"minecraft:recipes/building_blocks/chiseled_bookshelf":{"criteria":{"has_book":"2024-09-25 18:00:44 -0400"},"done":true},"minecraft:recipes/misc/writable_book":{"criteria":{"has_book":"2024-09-25 18:00:44 -0400"},"done":true},"minecraft:recipes/redstone/birch_button":{"criteria":{"has_planks":"2024-09-25 18:02:38 -0400"},"done":true},"minecraft:recipes/redstone/birch_door":{"criteria":{"has_planks":"2024-09-25 18:02:38 -0400"},"done":true},"minecraft:recipes/decorations/birch_fence":{"criteria":{"has_planks":"2024-09-25 18:02:38 -0400"},"done":true},"minecraft:recipes/redstone/birch_trapdoor":{"criteria":{"has_planks":"2024-09-25 18:02:38 -0400"},"done":true},"minecraft:recipes/decorations/birch_sign":{"criteria":{"has_planks":"2024-09-25 18:02:38 -0400"},"done":true},"minecraft:recipes/redstone/birch_fence_gate":{"criteria":{"has_planks":"2024-09-25 18:02:38 -0400"},"done":true},"minecraft:recipes/redstone/birch_pressure_plate":{"criteria":{"has_planks":"2024-09-25 18:02:38 -0400"},"done":true},"minecraft:recipes/building_blocks/birch_slab":{"criteria":{"has_planks":"2024-09-25 18:02:38 -0400"},"done":true},"minecraft:recipes/building_blocks/birch_stairs":{"criteria":{"has_planks":"2024-09-25 18:02:38 -0400"},"done":true},"minecraft:adventure/trade":{"criteria":{"traded":"2024-09-25 18:03:00 -0400"},"done":true},"minecraft:recipes/misc/red_dye_from_beetroot":{"criteria":{"has_beetroot":"2024-09-25 18:03:43 -0400"},"done":true},"minecraft:recipes/food/beetroot_soup":{"criteria":{"has_beetroot":"2024-09-25 18:03:43 -0400"},"done":true},"minecraft:story/iron_tools":{"criteria":{"iron_pickaxe":"2024-09-25 18:04:41 -0400"},"done":true},"minecraft:recipes/misc/wheat":{"criteria":{"has_hay_block":"2024-09-25 18:05:28 -0400"},"done":true},"minecraft:recipes/redstone/target":{"criteria":{"has_hay_block":"2024-09-25 18:05:28 -0400"},"done":true},"minecraft:recipes/tools/flint_and_steel":{"criteria":{"has_obsidian":"2024-09-25 18:06:42 -0400"},"done":true},"minecraft:story/form_obsidian":{"criteria":{"obsidian":"2024-09-25 18:06:42 -0400"},"done":true},"minecraft:recipes/decorations/enchanting_table":{"criteria":{"has_obsidian":"2024-09-25 18:06:42 -0400"},"done":true},"minecraft:recipes/food/mushroom_stew":{"criteria":{"has_bowl":"2024-09-25 18:09:05 -0400"},"done":true},"minecraft:adventure/kill_all_mobs":{"criteria":{"minecraft:zombie":"2024-09-25 19:40:24 -0400"},"done":false},"minecraft:adventure/kill_a_mob":{"criteria":{"minecraft:zombie":"2024-09-25 19:40:24 -0400"},"done":true},"minecraft:recipes/misc/sugar_from_sugar_cane":{"criteria":{"has_sugar_cane":"2024-09-25 19:48:19 -0400"},"done":true},"minecraft:recipes/misc/paper":{"criteria":{"has_reeds":"2024-09-25 19:48:19 -0400"},"done":true},"minecraft:recipes/misc/iron_ingot_from_smelting_raw_iron":{"criteria":{"has_raw_iron":"2024-09-25 19:57:57 -0400"},"done":true},"minecraft:recipes/building_blocks/raw_iron_block":{"criteria":{"has_raw_iron":"2024-09-25 19:57:57 -0400"},"done":true},"minecraft:recipes/misc/iron_ingot_from_blasting_raw_iron":{"criteria":{"has_raw_iron":"2024-09-25 19:57:57 -0400"},"done":true},"minecraft:recipes/building_blocks/lime_concrete_powder":{"criteria":{"has_sand":"2024-09-25 20:08:41 -0400"},"done":true},"minecraft:recipes/building_blocks/light_gray_concrete_powder":{"criteria":{"has_sand":"2024-09-25 20:08:41 -0400"},"done":true},"minecraft:recipes/building_blocks/pink_concrete_powder":{"criteria":{"has_sand":"2024-09-25 20:08:41 -0400"},"done":true},"minecraft:recipes/building_blocks/orange_concrete_powder":{"criteria":{"has_sand":"2024-09-25 20:08:41 -0400"},"done":true},"minecraft:recipes/building_blocks/red_concrete_powder":{"criteria":{"has_sand":"2024-09-25 20:08:41 -0400"},"done":true},"minecraft:recipes/building_blocks/magenta_concrete_powder":{"criteria":{"has_sand":"2024-09-25 20:08:41 -0400"},"done":true},"minecraft:recipes/building_blocks/brown_concrete_powder":{"criteria":{"has_sand":"2024-09-25 20:08:41 -0400"},"done":true},"minecraft:recipes/building_blocks/light_blue_concrete_powder":{"criteria":{"has_sand":"2024-09-25 20:08:41 -0400"},"done":true},"minecraft:recipes/building_blocks/glass":{"criteria":{"has_smelts_to_glass":"2024-09-25 20:08:41 -0400"},"done":true},"minecraft:recipes/building_blocks/green_concrete_powder":{"criteria":{"has_sand":"2024-09-25 20:08:41 -0400"},"done":true},"minecraft:recipes/building_blocks/blue_concrete_powder":{"criteria":{"has_sand":"2024-09-25 20:08:41 -0400"},"done":true},"minecraft:recipes/building_blocks/yellow_concrete_powder":{"criteria":{"has_sand":"2024-09-25 20:08:41 -0400"},"done":true},"minecraft:recipes/building_blocks/sandstone":{"criteria":{"has_sand":"2024-09-25 20:08:41 -0400"},"done":true},"minecraft:recipes/building_blocks/white_concrete_powder":{"criteria":{"has_sand":"2024-09-25 20:08:41 -0400"},"done":true},"minecraft:recipes/building_blocks/gray_concrete_powder":{"criteria":{"has_sand":"2024-09-25 20:08:41 -0400"},"done":true},"minecraft:recipes/building_blocks/black_concrete_powder":{"criteria":{"has_sand":"2024-09-25 20:08:41 -0400"},"done":true},"minecraft:recipes/building_blocks/purple_concrete_powder":{"criteria":{"has_sand":"2024-09-25 20:08:41 -0400"},"done":true},"minecraft:recipes/building_blocks/cyan_concrete_powder":{"criteria":{"has_sand":"2024-09-25 20:08:41 -0400"},"done":true},"minecraft:story/lava_bucket":{"criteria":{"lava_bucket":"2024-09-25 20:16:58 -0400"},"done":true},"minecraft:recipes/food/cake":{"criteria":{"has_egg":"2024-09-25 20:27:14 -0400"},"done":true},"minecraft:recipes/redstone/trapped_chest":{"criteria":{"has_tripwire_hook":"2024-09-26 00:55:37 -0400"},"done":true},"minecraft:recipes/combat/bow":{"criteria":{"has_string":"2024-09-26 00:55:39 -0400"},"done":true},"minecraft:recipes/tools/fishing_rod":{"criteria":{"has_string":"2024-09-26 00:55:39 -0400"},"done":true},"minecraft:recipes/building_blocks/white_wool_from_string":{"criteria":{"has_string":"2024-09-26 00:55:39 -0400"},"done":true},"minecraft:recipes/redstone/tripwire_hook":{"criteria":{"has_string":"2024-09-26 00:55:39 -0400"},"done":true},"minecraft:recipes/decorations/candle":{"criteria":{"has_string":"2024-09-26 00:55:39 -0400"},"done":true},"minecraft:recipes/decorations/loom":{"criteria":{"has_string":"2024-09-26 00:55:39 -0400"},"done":true},"minecraft:recipes/decorations/stone_brick_wall":{"criteria":{"has_stone_bricks":"2024-09-26 00:55:51 -0400"},"done":true},"minecraft:recipes/building_blocks/stone_brick_slab_from_stone_bricks_stonecutting":{"criteria":{"has_stone_bricks":"2024-09-26 00:55:51 -0400"},"done":true},"minecraft:recipes/building_blocks/cracked_stone_bricks":{"criteria":{"has_stone_bricks":"2024-09-26 00:55:51 -0400"},"done":true},"minecraft:recipes/building_blocks/stone_brick_stairs_from_stone_bricks_stonecutting":{"criteria":{"has_stone_bricks":"2024-09-26 00:55:51 -0400"},"done":true},"minecraft:recipes/building_blocks/stone_brick_slab":{"criteria":{"has_stone_bricks":"2024-09-26 00:55:51 -0400"},"done":true},"minecraft:recipes/building_blocks/stone_brick_stairs":{"criteria":{"has_stone_bricks":"2024-09-26 00:55:51 -0400"},"done":true},"minecraft:recipes/building_blocks/chiseled_stone_bricks_from_stone_bricks_stonecutting":{"criteria":{"has_stone_bricks":"2024-09-26 00:55:51 -0400"},"done":true},"minecraft:recipes/building_blocks/chiseled_stone_bricks":{"criteria":{"has_tag":"2024-09-26 00:55:51 -0400"},"done":true},"minecraft:recipes/decorations/stone_brick_wall_from_stone_bricks_stonecutting":{"criteria":{"has_stone_bricks":"2024-09-26 00:55:51 -0400"},"done":true},"minecraft:recipes/building_blocks/red_stained_glass":{"criteria":{"has_glass":"2024-09-26 00:57:40 -0400"},"done":true},"minecraft:recipes/building_blocks/light_blue_stained_glass":{"criteria":{"has_glass":"2024-09-26 00:57:40 -0400"},"done":true},"minecraft:recipes/brewing/glass_bottle":{"criteria":{"has_glass":"2024-09-26 00:57:40 -0400"},"done":true},"minecraft:recipes/building_blocks/green_stained_glass":{"criteria":{"has_glass":"2024-09-26 00:57:40 -0400"},"done":true},"minecraft:recipes/building_blocks/brown_stained_glass":{"criteria":{"has_glass":"2024-09-26 00:57:40 -0400"},"done":true},"minecraft:recipes/building_blocks/light_gray_stained_glass":{"criteria":{"has_glass":"2024-09-26 00:57:40 -0400"},"done":true},"minecraft:recipes/building_blocks/blue_stained_glass":{"criteria":{"has_glass":"2024-09-26 00:57:40 -0400"},"done":true},"minecraft:recipes/building_blocks/orange_stained_glass":{"criteria":{"has_glass":"2024-09-26 00:57:40 -0400"},"done":true},"minecraft:recipes/building_blocks/cyan_stained_glass":{"criteria":{"has_glass":"2024-09-26 00:57:40 -0400"},"done":true},"minecraft:recipes/building_blocks/pink_stained_glass":{"criteria":{"has_glass":"2024-09-26 00:57:40 -0400"},"done":true},"minecraft:recipes/building_blocks/black_stained_glass":{"criteria":{"has_glass":"2024-09-26 00:57:40 -0400"},"done":true},"minecraft:recipes/building_blocks/gray_stained_glass":{"criteria":{"has_glass":"2024-09-26 00:57:40 -0400"},"done":true},"minecraft:recipes/building_blocks/purple_stained_glass":{"criteria":{"has_glass":"2024-09-26 00:57:40 -0400"},"done":true},"minecraft:recipes/building_blocks/yellow_stained_glass":{"criteria":{"has_glass":"2024-09-26 00:57:40 -0400"},"done":true},"minecraft:recipes/building_blocks/lime_stained_glass":{"criteria":{"has_glass":"2024-09-26 00:57:40 -0400"},"done":true},"minecraft:recipes/decorations/glass_pane":{"criteria":{"has_glass":"2024-09-26 00:57:40 -0400"},"done":true},"minecraft:recipes/building_blocks/magenta_stained_glass":{"criteria":{"has_glass":"2024-09-26 00:57:40 -0400"},"done":true},"minecraft:recipes/building_blocks/white_stained_glass":{"criteria":{"has_glass":"2024-09-26 00:57:40 -0400"},"done":true},"DataVersion":3955}