{"minecraft:recipes/decorations/crafting_table":{"criteria":{"unlock_right_away":"2024-09-25 20:22:53 -0400"},"done":true},"minecraft:adventure/adventuring_time":{"criteria":{"minecraft:forest":"2024-09-25 20:40:47 -0400","minecraft:plains":"2024-09-25 20:22:54 -0400"},"done":false},"minecraft:recipes/misc/iron_nugget_from_blasting":{"criteria":{"has_iron_axe":"2024-09-25 20:30:00 -0400"},"done":true},"minecraft:recipes/misc/iron_nugget_from_smelting":{"criteria":{"has_iron_axe":"2024-09-25 20:30:01 -0400"},"done":true},"minecraft:recipes/redstone/lever":{"criteria":{"has_cobblestone":"2024-09-25 20:30:02 -0400"},"done":true},"minecraft:recipes/building_blocks/lime_concrete_powder":{"criteria":{"has_sand":"2024-09-25 20:30:02 -0400"},"done":true},"minecraft:recipes/decorations/ladder":{"criteria":{"has_stick":"2024-09-25 20:30:02 -0400"},"done":true},"minecraft:recipes/building_blocks/light_gray_concrete_powder":{"criteria":{"has_sand":"2024-09-25 20:30:02 -0400"},"done":true},"minecraft:recipes/building_blocks/pink_concrete_powder":{"criteria":{"has_sand":"2024-09-25 20:30:02 -0400"},"done":true},"minecraft:recipes/building_blocks/orange_concrete_powder":{"criteria":{"has_sand":"2024-09-25 20:30:02 -0400"},"done":true},"minecraft:recipes/building_blocks/oak_slab":{"criteria":{"has_planks":"2024-09-25 20:30:02 -0400"},"done":true},"minecraft:story/iron_tools":{"criteria":{"iron_pickaxe":"2024-09-25 20:30:02 -0400"},"done":true},"minecraft:recipes/decorations/oak_sign":{"criteria":{"has_planks":"2024-09-25 20:30:02 -0400"},"done":true},"minecraft:recipes/redstone/oak_trapdoor":{"criteria":{"has_planks":"2024-09-25 20:30:02 -0400"},"done":true},"minecraft:recipes/building_blocks/red_concrete_powder":{"criteria":{"has_sand":"2024-09-25 20:30:02 -0400"},"done":true},"minecraft:recipes/combat/stone_sword":{"criteria":{"has_cobblestone":"2024-09-25 20:30:02 -0400"},"done":true},"minecraft:recipes/decorations/cobblestone_wall":{"criteria":{"has_cobblestone":"2024-09-25 20:30:02 -0400"},"done":true},"minecraft:recipes/tools/stone_pickaxe":{"criteria":{"has_cobblestone":"2024-09-25 20:30:02 -0400"},"done":true},"minecraft:recipes/tools/stone_axe":{"criteria":{"has_cobblestone":"2024-09-25 20:30:02 -0400"},"done":true},"minecraft:recipes/building_blocks/magenta_concrete_powder":{"criteria":{"has_sand":"2024-09-25 20:30:02 -0400"},"done":true},"minecraft:recipes/decorations/campfire":{"criteria":{"has_stick":"2024-09-25 20:30:02 -0400"},"done":true},"minecraft:recipes/building_blocks/brown_concrete_powder":{"criteria":{"has_sand":"2024-09-25 20:30:02 -0400"},"done":true},"minecraft:recipes/tools/wooden_hoe":{"criteria":{"has_stick":"2024-09-25 20:30:02 -0400"},"done":true},"minecraft:recipes/building_blocks/light_blue_concrete_powder":{"criteria":{"has_sand":"2024-09-25 20:30:02 -0400"},"done":true},"minecraft:recipes/building_blocks/glass":{"criteria":{"has_smelts_to_glass":"2024-09-25 20:30:02 -0400"},"done":true},"minecraft:recipes/redstone/oak_fence_gate":{"criteria":{"has_planks":"2024-09-25 20:30:02 -0400"},"done":true},"minecraft:story/mine_stone":{"criteria":{"get_stone":"2024-09-25 20:30:02 -0400"},"done":true},"minecraft:recipes/decorations/furnace":{"criteria":{"has_cobblestone":"2024-09-25 20:30:02 -0400"},"done":true},"minecraft:recipes/tools/wooden_pickaxe":{"criteria":{"has_stick":"2024-09-25 20:30:02 -0400"},"done":true},"minecraft:recipes/building_blocks/green_concrete_powder":{"criteria":{"has_sand":"2024-09-25 20:30:02 -0400"},"done":true},"minecraft:recipes/tools/wooden_axe":{"criteria":{"has_stick":"2024-09-25 20:30:02 -0400"},"done":true},"minecraft:recipes/building_blocks/blue_concrete_powder":{"criteria":{"has_sand":"2024-09-25 20:30:02 -0400"},"done":true},"minecraft:recipes/redstone/oak_pressure_plate":{"criteria":{"has_planks":"2024-09-25 20:30:02 -0400"},"done":true},"minecraft:recipes/decorations/composter":{"criteria":{"has_wood_slab":"2024-09-25 20:30:02 -0400"},"done":true},"minecraft:recipes/redstone/oak_door":{"criteria":{"has_planks":"2024-09-25 20:30:02 -0400"},"done":true},"minecraft:recipes/building_blocks/yellow_concrete_powder":{"criteria":{"has_sand":"2024-09-25 20:30:02 -0400"},"done":true},"minecraft:recipes/decorations/chest":{"criteria":{"has_lots_of_items":"2024-09-25 20:30:02 -0400"},"done":true},"minecraft:recipes/tools/wooden_shovel":{"criteria":{"has_stick":"2024-09-25 20:30:02 -0400"},"done":true},"minecraft:recipes/misc/stick":{"criteria":{"has_planks":"2024-09-25 20:30:02 -0400"},"done":true},"minecraft:recipes/building_blocks/emerald_block":{"criteria":{"has_emerald":"2024-09-25 20:30:02 -0400"},"done":true},"minecraft:recipes/building_blocks/cobblestone_slab":{"criteria":{"has_cobblestone":"2024-09-25 20:30:02 -0400"},"done":true},"minecraft:recipes/brewing/cauldron":{"criteria":{"has_water_bucket":"2024-09-25 20:30:02 -0400"},"done":true},"minecraft:recipes/building_blocks/sandstone":{"criteria":{"has_sand":"2024-09-25 20:30:02 -0400"},"done":true},"minecraft:recipes/building_blocks/cobblestone_slab_from_cobblestone_stonecutting":{"criteria":{"has_cobblestone":"2024-09-25 20:30:02 -0400"},"done":true},"minecraft:recipes/building_blocks/oak_stairs":{"criteria":{"has_planks":"2024-09-25 20:30:02 -0400"},"done":true},"minecraft:recipes/building_blocks/white_concrete_powder":{"criteria":{"has_sand":"2024-09-25 20:30:02 -0400"},"done":true},"minecraft:recipes/decorations/oak_fence":{"criteria":{"has_planks":"2024-09-25 20:30:02 -0400"},"done":true},"minecraft:recipes/combat/wooden_sword":{"criteria":{"has_stick":"2024-09-25 20:30:02 -0400"},"done":true},"minecraft:recipes/building_blocks/gray_concrete_powder":{"criteria":{"has_sand":"2024-09-25 20:30:02 -0400"},"done":true},"minecraft:recipes/building_blocks/black_concrete_powder":{"criteria":{"has_sand":"2024-09-25 20:30:02 -0400"},"done":true},"minecraft:recipes/building_blocks/stone":{"criteria":{"has_cobblestone":"2024-09-25 20:30:02 -0400"},"done":true},"minecraft:recipes/decorations/barrel":{"criteria":{"has_wood_slab":"2024-09-25 20:30:02 -0400"},"done":true},"minecraft:recipes/decorations/cobblestone_wall_from_cobblestone_stonecutting":{"criteria":{"has_cobblestone":"2024-09-25 20:30:02 -0400"},"done":true},"minecraft:recipes/building_blocks/cobblestone_stairs_from_cobblestone_stonecutting":{"criteria":{"has_cobblestone":"2024-09-25 20:30:02 -0400"},"done":true},"minecraft:recipes/building_blocks/cobblestone_stairs":{"criteria":{"has_cobblestone":"2024-09-25 20:30:02 -0400"},"done":true},"minecraft:recipes/building_blocks/purple_concrete_powder":{"criteria":{"has_sand":"2024-09-25 20:30:02 -0400"},"done":true},"minecraft:recipes/tools/stone_hoe":{"criteria":{"has_cobblestone":"2024-09-25 20:30:02 -0400"},"done":true},"minecraft:recipes/building_blocks/cyan_concrete_powder":{"criteria":{"has_sand":"2024-09-25 20:30:02 -0400"},"done":true},"minecraft:recipes/tools/stone_shovel":{"criteria":{"has_cobblestone":"2024-09-25 20:30:02 -0400"},"done":true},"minecraft:recipes/redstone/oak_button":{"criteria":{"has_planks":"2024-09-25 20:30:02 -0400"},"done":true},"minecraft:husbandry/balanced_diet":{"criteria":{"mutton":"2024-09-25 20:57:53 -0400","apple":"2024-09-25 22:44:24 -0400","bread":"2024-09-25 20:30:17 -0400","suspicious_stew":"2024-09-25 22:44:16 -0400","potato":"2024-09-25 22:22:14 -0400","carrot":"2024-09-26 02:16:56 -0400"},"done":false},"minecraft:husbandry/root":{"criteria":{"consumed_item":"2024-09-25 20:30:17 -0400"},"done":true},"minecraft:adventure/sleep_in_bed":{"criteria":{"slept_in_bed":"2024-09-25 20:31:58 -0400"},"done":true},"minecraft:recipes/combat/iron_sword":{"criteria":{"has_iron_ingot":"2024-09-25 20:37:10 -0400"},"done":true},"minecraft:recipes/tools/iron_pickaxe":{"criteria":{"has_iron_ingot":"2024-09-25 20:37:10 -0400"},"done":true},"minecraft:recipes/combat/iron_leggings":{"criteria":{"has_iron_ingot":"2024-09-25 20:37:10 -0400"},"done":true},"minecraft:recipes/combat/shield":{"criteria":{"has_iron_ingot":"2024-09-25 20:37:10 -0400"},"done":true},"minecraft:recipes/redstone/hopper":{"criteria":{"has_iron_ingot":"2024-09-25 20:37:10 -0400"},"done":true},"minecraft:recipes/decorations/iron_bars":{"criteria":{"has_iron_ingot":"2024-09-25 20:37:10 -0400"},"done":true},"minecraft:recipes/combat/iron_boots":{"criteria":{"has_iron_ingot":"2024-09-25 20:37:10 -0400"},"done":true},"minecraft:recipes/combat/iron_chestplate":{"criteria":{"has_iron_ingot":"2024-09-25 20:37:10 -0400"},"done":true},"minecraft:recipes/decorations/lantern":{"criteria":{"has_iron_ingot":"2024-09-25 20:37:10 -0400"},"done":true},"minecraft:recipes/misc/iron_nugget":{"criteria":{"has_iron_ingot":"2024-09-25 20:37:10 -0400"},"done":true},"minecraft:recipes/misc/bucket":{"criteria":{"has_iron_ingot":"2024-09-25 20:37:10 -0400"},"done":true},"minecraft:recipes/combat/iron_helmet":{"criteria":{"has_iron_ingot":"2024-09-25 20:37:10 -0400"},"done":true},"minecraft:recipes/transportation/minecart":{"criteria":{"has_iron_ingot":"2024-09-25 20:37:10 -0400"},"done":true},"minecraft:recipes/tools/iron_hoe":{"criteria":{"has_iron_ingot":"2024-09-25 20:37:10 -0400"},"done":true},"minecraft:recipes/tools/iron_shovel":{"criteria":{"has_iron_ingot":"2024-09-25 20:37:10 -0400"},"done":true},"minecraft:story/smelt_iron":{"criteria":{"iron":"2024-09-25 20:37:10 -0400"},"done":true},"minecraft:recipes/tools/shears":{"criteria":{"has_iron_ingot":"2024-09-25 20:37:10 -0400"},"done":true},"minecraft:recipes/redstone/iron_trapdoor":{"criteria":{"has_iron_ingot":"2024-09-25 20:37:10 -0400"},"done":true},"minecraft:recipes/decorations/chain":{"criteria":{"has_iron_ingot":"2024-09-25 20:37:10 -0400"},"done":true},"minecraft:recipes/building_blocks/iron_block":{"criteria":{"has_iron_ingot":"2024-09-25 20:37:10 -0400"},"done":true},"minecraft:recipes/tools/iron_axe":{"criteria":{"has_iron_ingot":"2024-09-25 20:37:10 -0400"},"done":true},"minecraft:recipes/combat/crossbow":{"criteria":{"has_iron_ingot":"2024-09-25 20:37:10 -0400"},"done":true},"minecraft:recipes/decorations/smithing_table":{"criteria":{"has_iron_ingot":"2024-09-25 20:37:10 -0400"},"done":true},"minecraft:recipes/redstone/iron_door":{"criteria":{"has_iron_ingot":"2024-09-25 20:37:10 -0400"},"done":true},"minecraft:recipes/redstone/heavy_weighted_pressure_plate":{"criteria":{"has_iron_ingot":"2024-09-25 20:37:10 -0400"},"done":true},"minecraft:recipes/transportation/mangrove_boat":{"criteria":{"in_water":"2024-09-25 20:38:56 -0400"},"done":true},"minecraft:recipes/transportation/acacia_boat":{"criteria":{"in_water":"2024-09-25 20:38:56 -0400"},"done":true},"minecraft:recipes/transportation/cherry_boat":{"criteria":{"in_water":"2024-09-25 20:38:56 -0400"},"done":true},"minecraft:recipes/transportation/bamboo_raft":{"criteria":{"in_water":"2024-09-25 20:38:56 -0400"},"done":true},"minecraft:recipes/transportation/spruce_boat":{"criteria":{"in_water":"2024-09-25 20:38:56 -0400"},"done":true},"minecraft:recipes/transportation/birch_boat":{"criteria":{"in_water":"2024-09-25 20:38:56 -0400"},"done":true},"minecraft:recipes/transportation/oak_boat":{"criteria":{"in_water":"2024-09-25 20:38:56 -0400"},"done":true},"minecraft:recipes/transportation/jungle_boat":{"criteria":{"in_water":"2024-09-25 20:38:56 -0400"},"done":true},"minecraft:recipes/transportation/dark_oak_boat":{"criteria":{"in_water":"2024-09-25 20:38:56 -0400"},"done":true},"minecraft:story/lava_bucket":{"criteria":{"lava_bucket":"2024-09-25 20:38:57 -0400"},"done":true},"minecraft:story/root":{"criteria":{"crafting_table":"2024-09-25 20:39:42 -0400"},"done":true},"minecraft:recipes/misc/charcoal":{"criteria":{"has_log":"2024-09-25 20:42:46 -0400"},"done":true},"minecraft:recipes/building_blocks/oak_planks":{"criteria":{"has_logs":"2024-09-25 20:42:46 -0400"},"done":true},"minecraft:recipes/building_blocks/oak_wood":{"criteria":{"has_log":"2024-09-25 20:42:46 -0400"},"done":true},"minecraft:recipes/transportation/dark_oak_chest_boat":{"criteria":{"has_boat":"2024-09-25 20:43:12 -0400"},"done":true},"minecraft:recipes/transportation/bamboo_chest_raft":{"criteria":{"has_boat":"2024-09-25 20:43:12 -0400"},"done":true},"minecraft:recipes/transportation/spruce_chest_boat":{"criteria":{"has_boat":"2024-09-25 20:43:12 -0400"},"done":true},"minecraft:recipes/transportation/jungle_chest_boat":{"criteria":{"has_boat":"2024-09-25 20:43:12 -0400"},"done":true},"minecraft:recipes/transportation/acacia_chest_boat":{"criteria":{"has_boat":"2024-09-25 20:43:12 -0400"},"done":true},"minecraft:recipes/transportation/mangrove_chest_boat":{"criteria":{"has_boat":"2024-09-25 20:43:12 -0400"},"done":true},"minecraft:recipes/transportation/oak_chest_boat":{"criteria":{"has_boat":"2024-09-25 20:43:12 -0400"},"done":true},"minecraft:recipes/transportation/cherry_chest_boat":{"criteria":{"has_boat":"2024-09-25 20:43:12 -0400"},"done":true},"minecraft:recipes/transportation/birch_chest_boat":{"criteria":{"has_boat":"2024-09-25 20:43:12 -0400"},"done":true},"minecraft:recipes/decorations/gray_bed":{"criteria":{"has_gray_wool":"2024-09-25 20:43:37 -0400"},"done":true},"minecraft:recipes/food/cooked_mutton_from_smoking":{"criteria":{"has_mutton":"2024-09-25 20:43:37 -0400"},"done":true},"minecraft:recipes/food/cooked_mutton":{"criteria":{"has_mutton":"2024-09-25 20:43:37 -0400"},"done":true},"minecraft:recipes/decorations/painting":{"criteria":{"has_wool":"2024-09-25 20:43:37 -0400"},"done":true},"minecraft:recipes/food/cooked_mutton_from_campfire_cooking":{"criteria":{"has_mutton":"2024-09-25 20:43:37 -0400"},"done":true},"minecraft:adventure/root":{"criteria":{"killed_something":"2024-09-25 20:43:37 -0400"},"done":true},"minecraft:recipes/decorations/gray_banner":{"criteria":{"has_gray_wool":"2024-09-25 20:43:37 -0400"},"done":true},"minecraft:recipes/decorations/gray_carpet":{"criteria":{"has_gray_wool":"2024-09-25 20:43:37 -0400"},"done":true},"minecraft:adventure/kill_all_mobs":{"criteria":{"minecraft:skeleton":"2024-09-25 20:59:46 -0400","minecraft:spider":"2024-09-25 20:56:35 -0400","minecraft:zombie":"2024-09-25 21:00:07 -0400","minecraft:creeper":"2024-09-25 21:05:26 -0400","minecraft:zombie_villager":"2024-09-25 21:01:26 -0400"},"done":false},"minecraft:adventure/kill_a_mob":{"criteria":{"minecraft:spider":"2024-09-25 20:56:35 -0400"},"done":true},"minecraft:recipes/combat/bow":{"criteria":{"has_string":"2024-09-25 20:56:36 -0400"},"done":true},"minecraft:recipes/tools/fishing_rod":{"criteria":{"has_string":"2024-09-25 20:56:36 -0400"},"done":true},"minecraft:recipes/building_blocks/white_wool_from_string":{"criteria":{"has_string":"2024-09-25 20:56:36 -0400"},"done":true},"minecraft:recipes/redstone/tripwire_hook":{"criteria":{"has_string":"2024-09-25 20:56:36 -0400"},"done":true},"minecraft:recipes/decorations/candle":{"criteria":{"has_string":"2024-09-25 20:56:36 -0400"},"done":true},"minecraft:recipes/decorations/loom":{"criteria":{"has_string":"2024-09-25 20:56:36 -0400"},"done":true},"minecraft:recipes/transportation/carrot_on_a_stick":{"criteria":{"has_carrot":"2024-09-25 21:00:11 -0400"},"done":true},"minecraft:recipes/misc/bone_meal":{"criteria":{"has_bone":"2024-09-25 21:00:15 -0400"},"done":true},"minecraft:recipes/misc/blue_dye":{"criteria":{"has_lapis_lazuli":"2024-09-25 21:01:06 -0400"},"done":true},"minecraft:recipes/decorations/torch":{"criteria":{"has_stone_pickaxe":"2024-09-25 21:01:07 -0400"},"done":true},"minecraft:recipes/building_blocks/lapis_block":{"criteria":{"has_lapis_lazuli":"2024-09-25 21:01:07 -0400"},"done":true},"minecraft:story/upgrade_tools":{"criteria":{"stone_pickaxe":"2024-09-25 21:01:07 -0400"},"done":true},"minecraft:recipes/misc/yellow_dye_from_dandelion":{"criteria":{"has_dandelion":"2024-09-25 21:01:07 -0400"},"done":true},"minecraft:recipes/brewing/fermented_spider_eye":{"criteria":{"has_spider_eye":"2024-09-25 21:02:18 -0400"},"done":true},"minecraft:recipes/building_blocks/andesite_stairs_from_andesite_stonecutting":{"criteria":{"has_andesite":"2024-09-25 21:04:17 -0400"},"done":true},"minecraft:recipes/building_blocks/andesite_stairs":{"criteria":{"has_andesite":"2024-09-25 21:04:17 -0400"},"done":true},"minecraft:recipes/building_blocks/polished_andesite_from_andesite_stonecutting":{"criteria":{"has_andesite":"2024-09-25 21:04:17 -0400"},"done":true},"minecraft:recipes/building_blocks/polished_andesite":{"criteria":{"has_andesite":"2024-09-25 21:04:17 -0400"},"done":true},"minecraft:recipes/decorations/andesite_wall_from_andesite_stonecutting":{"criteria":{"has_andesite":"2024-09-25 21:04:17 -0400"},"done":true},"minecraft:recipes/building_blocks/polished_andesite_slab_from_andesite_stonecutting":{"criteria":{"has_andesite":"2024-09-25 21:04:17 -0400"},"done":true},"minecraft:recipes/decorations/andesite_wall":{"criteria":{"has_andesite":"2024-09-25 21:04:17 -0400"},"done":true},"minecraft:recipes/building_blocks/andesite_slab":{"criteria":{"has_andesite":"2024-09-25 21:04:17 -0400"},"done":true},"minecraft:recipes/building_blocks/polished_andesite_stairs_from_andesite_stonecutting":{"criteria":{"has_andesite":"2024-09-25 21:04:17 -0400"},"done":true},"minecraft:recipes/building_blocks/andesite_slab_from_andesite_stonecutting":{"criteria":{"has_andesite":"2024-09-25 21:04:17 -0400"},"done":true},"minecraft:recipes/food/cake":{"criteria":{"has_egg":"2024-09-25 21:10:38 -0400"},"done":true},"minecraft:adventure/trade":{"criteria":{"traded":"2024-09-25 22:15:35 -0400"},"done":true},"minecraft:recipes/food/baked_potato_from_campfire_cooking":{"criteria":{"has_potato":"2024-09-25 22:22:12 -0400"},"done":true},"minecraft:recipes/food/baked_potato_from_smoking":{"criteria":{"has_potato":"2024-09-25 22:22:12 -0400"},"done":true},"minecraft:recipes/food/baked_potato":{"criteria":{"has_potato":"2024-09-25 22:22:12 -0400"},"done":true},"minecraft:recipes/misc/red_dye_from_poppy":{"criteria":{"has_poppy":"2024-09-25 22:41:22 -0400"},"done":true},"minecraft:recipes/food/mushroom_stew":{"criteria":{"has_bowl":"2024-09-25 22:44:16 -0400"},"done":true},"minecraft:recipes/building_blocks/coarse_dirt":{"criteria":{"has_gravel":"2024-09-25 22:54:58 -0400"},"done":true},"minecraft:recipes/building_blocks/stone_bricks":{"criteria":{"has_stone":"2024-09-26 02:31:29 -0400"},"done":true},"minecraft:recipes/decorations/blast_furnace":{"criteria":{"has_smooth_stone":"2024-09-26 02:32:18 -0400"},"done":true},"minecraft:recipes/building_blocks/stone_brick_slab_from_stone_stonecutting":{"criteria":{"has_stone":"2024-09-26 02:31:29 -0400"},"done":true},"minecraft:story/obtain_armor":{"criteria":{"iron_helmet":"2024-09-26 01:51:11 -0400"},"done":true},"minecraft:recipes/building_blocks/stone_brick_stairs_from_stone_stonecutting":{"criteria":{"has_stone":"2024-09-26 02:31:29 -0400"},"done":true},"minecraft:recipes/building_blocks/bookshelf":{"criteria":{"has_book":"2024-09-26 02:12:14 -0400"},"done":true},"minecraft:recipes/building_blocks/stone_slab_from_stone_stonecutting":{"criteria":{"has_stone":"2024-09-26 02:31:29 -0400"},"done":true},"minecraft:recipes/building_blocks/stone_bricks_from_stone_stonecutting":{"criteria":{"has_stone":"2024-09-26 02:31:29 -0400"},"done":true},"minecraft:recipes/building_blocks/stone_slab":{"criteria":{"has_stone":"2024-09-26 02:31:29 -0400"},"done":true},"minecraft:recipes/misc/iron_ingot_from_iron_block":{"criteria":{"has_iron_block":"2024-09-26 02:15:43 -0400"},"done":true},"minecraft:recipes/decorations/smoker":{"criteria":{"has_furnace":"2024-09-26 02:30:52 -0400"},"done":true},"minecraft:recipes/building_blocks/chiseled_stone_bricks_stone_from_stonecutting":{"criteria":{"has_stone":"2024-09-26 02:31:29 -0400"},"done":true},"minecraft:recipes/redstone/lectern":{"criteria":{"has_book":"2024-09-26 02:12:14 -0400"},"done":true},"minecraft:recipes/building_blocks/stone_stairs_from_stone_stonecutting":{"criteria":{"has_stone":"2024-09-26 02:31:29 -0400"},"done":true},"minecraft:recipes/building_blocks/chiseled_bookshelf":{"criteria":{"has_book":"2024-09-26 02:12:14 -0400"},"done":true},"minecraft:recipes/redstone/stone_button":{"criteria":{"has_stone":"2024-09-26 02:31:29 -0400"},"done":true},"minecraft:recipes/decorations/stonecutter":{"criteria":{"has_stone":"2024-09-26 02:31:29 -0400"},"done":true},"minecraft:recipes/redstone/stone_pressure_plate":{"criteria":{"has_stone":"2024-09-26 02:31:29 -0400"},"done":true},"minecraft:recipes/misc/stick_from_bamboo_item":{"criteria":{"has_bamboo":"2024-09-26 01:59:21 -0400"},"done":true},"minecraft:recipes/misc/writable_book":{"criteria":{"has_book":"2024-09-26 02:12:14 -0400"},"done":true},"minecraft:recipes/building_blocks/smooth_stone":{"criteria":{"has_stone":"2024-09-26 02:31:29 -0400"},"done":true},"minecraft:recipes/building_blocks/bamboo_block":{"criteria":{"has_bamboo":"2024-09-26 01:59:21 -0400"},"done":true},"minecraft:recipes/building_blocks/smooth_stone_slab":{"criteria":{"has_smooth_stone":"2024-09-26 02:32:18 -0400"},"done":true},"minecraft:recipes/decorations/anvil":{"criteria":{"has_iron_block":"2024-09-26 02:15:43 -0400"},"done":true},"minecraft:recipes/building_blocks/smooth_stone_slab_from_smooth_stone_stonecutting":{"criteria":{"has_smooth_stone":"2024-09-26 02:32:18 -0400"},"done":true},"minecraft:recipes/decorations/scaffolding":{"criteria":{"has_bamboo":"2024-09-26 01:59:21 -0400"},"done":true},"minecraft:recipes/decorations/stone_brick_walls_from_stone_stonecutting":{"criteria":{"has_stone":"2024-09-26 02:31:29 -0400"},"done":true},"minecraft:recipes/building_blocks/stone_stairs":{"criteria":{"has_stone":"2024-09-26 02:31:29 -0400"},"done":true},"DataVersion":3955}